node,industry,country,in_degree,out_degree,word_count,decision
10-0 cirebon electric power pt,Electric Utilities,Indonesia,1,0,5,
23rd metallurgical construction group co ltd of minmetals,Engineering & Construction,China,2,0,8,
abastecedora de fierro y acero sa de cv,Steel,Spain,1,0,8,
abu dhabi national energy co pjsc,Electric Utilities,UAE,2,0,6,
abu dhabi national oil co for distribution pjsc,Oil & Gas Producers,UAE,1,1,8,
acarer metal sanayi ve ticaret as,Steel,Turkey,1,0,6,
aceros alcalde sa de cv,Steel,Spain,1,0,5,
aceros consolidada sa de cv,Steel,Spain,1,0,5,
aceros del toro sa de cv,Steel,Spain,1,0,6,
aceros en barras al carbono sa de cv,Steel,Spain,1,0,8,
aceros murillo sa de cv,Steel,Spain,1,0,5,
acme metals & steel supply,Steel,USA,1,0,5,
adani ports & special economic zone,Transportation & Logistics,India,2,0,6,
adaro energy indonesia tbk pt,Metals & Mining,Indonesia,4,0,5,
adaro minerals indonesia tbk pt,Metals & Mining,Indonesia,1,0,5,
adhi karya persero tbk pt,Engineering & Construction,Indonesia,6,27,5,
aldrees petroleum and transport services,Oil & Gas Producers,Saudi Arabia,1,0,5,
alia the royal jordanian airlines,Transportation & Logistics,Jordan,1,0,5,
alumindo light metal industry tbk pt,Metals & Mining,Indonesia,5,6,6,
an pha petroleum group jsc,Gas & Water Utilities,Vietnam,2,0,5,
anhui kelihua chemical & industry,Chemicals,China,1,0,5,
anhui wanwei updated high-tech material industry,Chemicals,China,2,0,6,
anima watners updated high-tech material industry,Chemicals,China,2,0,6,
anjwa smart farm & solar city,Renewable Energy,South Korea,1,1,6,
ap moller - maersk a/s,Transportation & Logistics,Denmark,5,0,5,
aqua-terra oilfield equipment & services pte,Machinery,Singapore,1,0,6,
asahi kasei mitsubishi chemical ethylene,Chemicals,Japan,1,0,5,
asia pacific wire & cable,Industrial Intermediate Prod,Taiwan,2,0,5,
asia world engineering & construction,Engineering & Construction,China,1,0,5,
astrakhan power sale co pao,Electric Utilities,Russia,4,0,5,
ateliers mecaniques d indonesie tbk pt,Electrical Equipment,Indonesia,1,0,6,
auxim de mexico s de rl de cv,Automotive,Mexico,1,0,8,
ba ria thermal power jsc,Electric Utilities,Vietnam,3,0,5,
baic bluepark new energy technology,Automotive,China,14,15,5,
baker hughes do brasil ltda,Machinery,Brazil,1,0,5,
bakrie and brothers tbk pt,Steel,Indonesia,7,16,5,
baogang zhan bo international trade,Steel,Hong Kong,2,1,5,
baosheng science and technology innovation,Electrical Equipment,China,1,4,5,
baosteel group xinjiang bayi iron & steel,Steel,China,1,0,7,
baowu group echeng iron & steel,Steel,China,1,0,6,
baowu group zhongnan iron & steel,Steel,China,1,0,6,
beida xianxing tai'an technology industry,Chemicals,China,1,0,5,
beijing shougang alliance of xingang science & trade,Steel,China,1,0,8,
beijing shougang gitane new materials,Steel,China,1,0,5,
beijing shougang international engineering technolog,Engineering & Construction,China,1,0,5,
beijing shougang lujiashan limestone mine,Construction Materials,China,1,0,5,
beijing shougang refractory & metallurgical burden,Construction Materials,China,1,0,6,
benxi beiying iron & steel,Steel,China,4,1,5,
bestway marine & energy technology,Transportation Equipment,China,1,0,5,
bingshan refrigeration & heat transfer technologies,Electrical Equipment,China,1,0,6,
binh son refining and petrochemical,Oil & Gas Producers,Vietnam,5,2,5,
borcelik celik sanayii ticaret as,Steel,Turkey,1,0,5,
bosal mexico sa de cv,Automotive,Mexico,1,0,5,
botas boru hatlari ile petrol tasima as,Oil & Gas Producers,Turkey,1,0,7,
brisa bridgestone sabanci sanayi ve ticaret as,Automotive,Turkey,4,0,7,
brose fahrzeugteile se & co kg,Automotive,Germany,2,0,6,
bukaka teknik utama tbk pt,Engineering & Construction,Indonesia,3,10,5,
bumi resources minerals tbk pt,Metals & Mining,Indonesia,1,0,5,
busan port authority,Transportation & Logistics,South Korea,2,0,3,
busan shin ho photovoltaic power,Electric Utilities,South Korea,1,1,5,
bx steel posco cold rolled sheet,Steel,China,1,1,6,
c d waelzholz gmbh & co kg,Steel,Germany,1,0,7,
calik enerji sanayi ve ticaret as,Engineering & Construction,Turkey,1,0,6,
calumet specialty products partners lp,Oil & Gas Producers,USA,4,0,5,
camara de comercializacao de energia eletrica-ccee,Electric Utilities,Brazil,2,0,6,
carlos mainero y cia saicfi,Machinery,Argentina,1,0,5,
cars motorcycles and marine engine trade and import,Automotive,Greece,1,0,8,
cedisa central de aco s/a,Steel,Spain,1,0,5,
central power systems & services,Automotive,USA,1,0,5,
centrifugados mexicanos sa de cv,Construction Materials,Spain,1,0,5,
century iron & steel industrial,Industrial Intermediate Prod,Taiwan,2,3,5,
cf roark welding & engineering,Aerospace & Defense,USA,1,0,5,
chandra asri petrochemical tbk pt,Chemicals,Indonesia,7,0,5,
changi airport group singapore pte,Transportation & Logistics,Singapore,1,0,5,
changzhou langbo seal polytron technologies,Industrial Intermediate Prod,China,1,0,5,
chengdu lingchuan automobile fuel tank coltd,Automotive,China,1,0,6,
chengdu siwi science and technology,Electrical Equipment,China,1,0,5,
chevran phillips chemicals asia pte lid,Chemicals,Singapore,1,0,6,
china daye non-ferrous metals mining,Metals & Mining,Bermuda,2,0,5,
china energy investment corp td,Electric Utilities,China,1,0,5,
china high speed transmission equipment,Renewable Energy,Cayman Islands,2,0,5,
china national heavy duty truck,Transportation Equipment,China,2,0,5,
china non-ferrous metals industry sixth metallurgical construction,Engineering & Construction,China,1,0,7,
china nonferrous metal industry's changsha survey & design institute,Engineering & Construction,China,2,0,9,
china nonferrous metal industry's foreign engineering & construction,Engineering & Construction,China,2,0,8,
china nuclear engineering & construction,Engineering & Construction,China,2,0,5,
china pingmei shenma group united salination,Chemicals,China,1,0,6,
china rare earth resources and technology,Metals & Mining,China,3,0,6,
china shipbuilding industry group power,Machinery,China,3,0,5,
china southern power grid energy efficiency & clean energy,Engineering & Construction,China,1,0,9,
china southern power grid energy storage,Electric Utilities,China,3,0,6,
china tungsten and hightech materials,Metals & Mining,China,6,3,5,
china zhenhua group science & technology,Technology Hardware,China,2,0,6,
chongqing chang'an visteon engine control system,Automotive,China,1,0,6,
chongqing dajiang yuqiang plastic products,Industrial Intermediate Prod,China,1,0,5,
chongqing fuling electric power industrial,Electric Utilities,China,2,0,5,
chongqing jianshe automobile air conditioner,Automotive,China,1,0,5,
chugoku electric power co inc/the,Electric Utilities,Japan,7,0,5,
chung hwa chemical industrial works,Chemicals,Taiwan,1,4,5,
chung-hsin electric & machinery manufacturing,Engineering & Construction,Taiwan,7,0,5,
cia de minas buenaventura saa,Metals & Mining,Argentina,1,0,5,
cia de minas bueraaventura sm,Metals & Mining,Brazil,1,0,5,
cia mexicana de exploraciones sa de cv,Oil & Gas Services & Equip,Spain,1,0,7,
cia minera autlan sab de cv,Metals & Mining,Mexico,4,0,6,
cie generale des etablissements michelin sca,Automotive,France,5,0,6,
cnsig inner mongolia chemical industry,Chemicals,China,5,0,5,
commercial aircraft corp of china,Aerospace & Defense,China,2,0,5,
communication cable systems indonesia tbk,Electrical Equipment,Indonesia,1,0,5,
concesionaria vuela cia de aviacion,Transportation & Logistics,USA,1,0,5,
consultoria en obra sa de cv,Engineering & Construction,Spain,1,0,6,
controladora vuela cia de aviacion sab de cv,Transportation & Logistics,Mexico,2,0,8,
corp mackinal del cobre de chile,Metals & Mining,Chile,6,0,6,
coutinho & ferrostaal gmbh & co kg,Steel,Germany,1,0,7,
csp co siderurgica do pecem,Steel,Brazil,3,2,5,
da nhim-ham thuan-da mi hydro power jsc,Electric Utilities,Vietnam,3,0,7,
daeduck electronics co ltd / new,Technology Hardware,South Korea,1,0,6,
dah san electric wire & cable,Electrical Equipment,Taiwan,2,0,6,
dainichiseika color & chemicals manufacturing,Chemicals,Japan,4,0,5,
dana brata luhur tbk pt,Metals & Mining,Indonesia,1,0,5,
dangfeng electronic technology co lb,Automotive,China,3,0,5,
dayton forging & heat treating co/the,Industrial Intermediate Prod,USA,1,0,6,
del paso pipe & steel,Steel,USA,1,0,5,
delta dunia makmur tbk pt,Metals & Mining,Indonesia,5,0,5,
devlet hava meydanlari isletmesi genel mudurlugu,Transportation & Logistics,Turkey,1,0,6,
dian swastatika sentosa tbk pt,Metals & Mining,Indonesia,3,0,5,
dinh vu petroleum service port jsc,Transportation & Logistics,Vietnam,1,1,6,
dong anh electrical equipment corp jsc,Electrical Equipment,Vietnam,2,0,6,
dongguan mentech optical & magnetic,Electrical Equipment,China,1,0,5,
dongkuk steel mill co ltd/new,Steel,South Korea,1,3,5,
dr ing hc f porsche,Automotive,Germany,11,1,5,
drainage services department,Machinery,Hong Kong,1,0,3,remove
electricity generating authority of thailand,Electric Utilities,Thailand,2,0,5,
emil loeffelhardt gmbh & co kg,Electrical Equipment,Germany,1,0,6,
empresa electricidad del peru - electroperu,Electric Utilities,Spain,1,0,6,
empresa siderurgica del peru saa,Steel,Peru,1,0,5,
energi mega persada tbk pt,Oil & Gas Producers,Indonesia,3,0,5,
evergreen international storage & transport,Transportation & Logistics,Taiwan,2,0,5,
farba otomotiv aydinlatma ve plastik fabrikalari as,Electrical Equipment,Turkey,1,0,7,
ferdinand bilstein gmbh + co kg,Automotive,Germany,1,0,6,
ferre barniedo sa de cv,Steel,Spain,1,0,5,
ferrocarril mexicano sa de cv,Transportation & Logistics,Mexico,1,1,5,
feuer powertrain gmbh & co kg,Automotive,Germany,1,0,6,
fomento de construcciones y contratas,Engineering & Construction,Spain,2,0,5,
forja de monterrey sa de cv,Industrial Intermediate Prod,Spain,1,0,6,
formosan union chemical,Chemicals,Taiwan,3,2,3,
fraport ag frankfurt airport services worldwide,Transportation & Logistics,Germany,1,0,6,
frisa forjados sa de cv,Chemicals,Mexico,1,0,5,
fuji furukawa engineering & construction,Engineering & Construction,Japan,2,0,5,
fujian nanping aluminium sheet & strip,Metals & Mining,China,1,0,6,
fulin plastic industry cayman holding,Industrial Intermediate Prod,Vietnam,1,0,5,
g collado sab de cv,Steel,Mexico,1,0,5,
ganfeng lithium group co lfd,Chemicals,China,5,0,5,
gansu jiu steel group hongxing iron & steel,Steel,China,3,0,8,
ganzhou teng yuan cobalt new material,Metals & Mining,China,2,5,6,
garuda indonesia persero tbk pt,Transportation & Logistics,Indonesia,2,0,5,
gazprom gazoraspredelenie saratovskaya oblast oao,Gas & Water Utilities,Russia,1,0,5,
general electricity co of libya,Electric Utilities,Libyan Arab Jamahiriya,1,0,5,
gestion global de matriceria sl,Machinery,Spain,1,0,5,
gestore dei servizi energetici- gse,Electric Utilities,Italy,1,0,5,
getrag getriebe-u zahnradfabrik hermann hagenmeyer gmbh & cie,Automotive,Germany,1,0,8,
gonvarri corp financiera sociedad ltda,Steel,Spain,1,0,5,
gonvarri i centro de servicios sl,Industrial Intermediate Prod,Spain,1,0,6,
goodyear tire & rubber co/the,Automotive,USA,7,0,5,
grupa azoty zaklady chemiczne police,Chemicals,Poland,3,0,5,
grupo aeroportuario del sureste sab de cv,Transportation & Logistics,Mexico,1,0,7,
grupo idesa sa de cv,Chemicals,Mexico,1,0,5,
grupo industrial saltillo sab de cv,Automotive,Mexico,6,11,6,
grupo pochteca sab de cv,Chemicals,Mexico,14,50,5,
grupo remolques del norte sa de cv,Automotive,Spain,1,0,7,
grupo rotoplas sab de cv,Machinery,Mexico,3,1,5,
grupo simec sab de cv,Steel,Mexico,7,22,5,
guam power authority,Electric Utilities,USA,1,1,3,
guangdong dongfang precision science & technology,Machinery,China,2,1,6,
guangdong electric power industry fuel,Metals & Mining,China,1,1,5,
guangdong ji duo bao can making,Metals & Mining,China,1,0,6,
guangdong zhongnan iron & steel,Steel,China,3,0,5,
guangzhou gangfa petroleum chemical dock,Transportation & Logistics,China,1,1,5,
guangzhou great power energy & technology,Renewable Energy,China,4,0,6,
guiyang zhenxing aluminium & magnesium technology industry development,Machinery,China,1,0,8,
gujarat narmada valley fertilizers & chemicals,Chemicals,India,1,0,6,
gujarat state fertilizers & chemicals,Chemicals,India,1,0,5,
gunawan dianjaya steel tbk pt,Steel,Indonesia,2,0,5,
gunung raja paksi tbk pt,Steel,Indonesia,4,4,5,
hai phong thermal power jsc,Electric Utilities,Vietnam,1,0,5,
handan gangtie group equipment manufacturing installation,Engineering & Construction,China,1,0,6,
handan iron & steel group import & export,Metals & Mining,China,1,0,8,
handan steel group hengshui cold rolling steel,Steel,China,1,0,7,
hangzhou gaoxin rubber & plastic materials,Chemicals,China,1,0,6,
hanjin heavy industries & construction,Gas & Water Utilities,South Korea,1,1,5,
haohua chemical science & technology,Chemicals,China,2,10,5,
harbin electric corp jiamusi electric machine,Machinery,China,1,0,6,
hd hyundai and shell base oil,Oil & Gas Producers,South Korea,1,0,6,
hd korea shipbuilding & offshore engineering,Transportation Equipment,South Korea,8,8,6,
hdc hyundai development co-engineering & construction,Engineering & Construction,South Korea,1,1,6,
hebei iron & steel group mining,Metals & Mining,China,1,0,6,
hebei iron & steel group songting iron & steel,Steel,China,1,0,9,
hella gmbh & co kgaa,Automotive,Germany,1,0,5,
henan shenhuo coal & power,Metals & Mining,China,2,0,5,
henan shenma chlorine alkali development,Chemicals,China,1,0,5,
henan shenma nylon chemical industry,Chemicals,China,1,0,5,
henan yuguang gold & lead,Metals & Mining,China,2,1,5,
heyuan city urban development investment,Engineering & Construction,China,1,0,5,
hicom-honda manufacturing malaysia sdn bhd,Automotive,Malaysia,1,0,5,
hitachi air-conditioning & refrigerating products gua,Electrical Equipment,China,1,0,6,
hmt xiamen new technical materials,Automotive,China,2,0,5,
hoberg & driesch gmbh & co kg roehrengrosshandel,Steel,Germany,1,0,8,
hold-key electric wire & cable,Electrical Equipment,Taiwan,1,0,5,
hong kong & china gas,Gas & Water Utilities,China,1,1,5,
howon elementary school adjacent district reconstruction union,Engineering & Construction,South Korea,2,0,7,remove
hua eng wire & cable,Metals & Mining,Taiwan,3,0,5,
hubei wanrun new energy technology,Technology Hardware,China,8,6,5,
huili county ma'anping mine feishi multipurpose utilization,Metals & Mining,China,1,0,7,
hunan baili engineering sci & tech,Engineering & Construction,China,1,0,6,
hunan yuneng new energy battery material,Technology Hardware,China,5,8,6,
hyundai mobis mexico s de rl de cv,Electrical Equipment,Mexico,2,0,8,
hyundai wia automotive engine shandong,Machinery,China,1,0,5,
incheon port authority,Transportation & Logistics,South Korea,2,0,3,
indal aluminium industry tbk pt,Metals & Mining,Indonesia,6,3,5,
indocement tunggal prakarsa tbk pt,Construction Materials,Indonesia,3,0,5,
indoritel makmur internasional tbk pt,Telecommunications,Indonesia,2,0,5,
industrial gas & welding electrode jsc,Electrical Equipment,Vietnam,1,0,6,
industrias ch sab de cv,Steel,Mexico,3,110,5,
ingenieria y construccion de matrices,Machinery,Spain,1,0,5,
inner mongolia baotou steel union,Steel,China,3,23,5,
inner mongolia dian tou energy,Metals & Mining,China,4,5,5,
inner mongolia east electric power,Electric Utilities,China,1,0,5,
inner mongolia huineng coal & electrical,Metals & Mining,China,1,0,6,
inner mongolia mengdian huaneng thermal power,Electric Utilities,China,4,0,6,
inner mongolia yuan xing energy,Chemicals,China,1,3,5,
international gas product shipping jsc,Transportation & Logistics,Vietnam,2,1,5,
j resources asia pasifik tbk,Metals & Mining,Indonesia,3,1,5,
japan organization for metals and energy security,Oil & Gas Producers,Japan,1,0,7,
jasa marga persero tbk pt,Transportation & Logistics,Indonesia,2,0,5,
jatim taman steel manufacturing pt,Steel,Indonesia,1,0,5,
jembo cable co tbk pt,Electrical Equipment,Indonesia,1,0,5,
jiangmen jiangci electric engineering enterprise,Electrical Equipment,China,1,0,5,
jiangsu baichuan high-tech new materials,Chemicals,China,1,3,5,
jiangsu lixing general steel ball,Automotive,China,5,22,5,
jiangsu tongguang electronic wire and cable,Electrical Equipment,China,1,0,6,
jiangsu yuxing industrial & trading,Chemicals,China,1,0,5,
jiangsu zhenjiang new energy equipment,Renewable Energy,China,2,0,5,
jiangxi black cat carbon black,Chemicals,China,2,9,5,
jiangxi xiushui ganbei tungsten industry,Metals & Mining,China,1,1,5,
jilin province tonghua iron & steel international trade,Metals & Mining,China,1,0,8,
jinneng holding shanxi coal industry,Metals & Mining,China,3,0,5,
joist del golfo sa de cv,Steel,Mexico,2,0,6,
joist estructuras sa de cv,Engineering & Construction,Mexico,1,0,5,
jordan cement factories co psc,Construction Materials,Jordan,1,0,5,
kalisch fierro y acero sa de cv,Steel,Spain,1,0,7,
kao hsing chang iron & steel,Steel,Taiwan,2,2,6,
kepco plant service & engineering,Engineering & Construction,South Korea,5,55,5,
khabarovskaya toplivnaya kompaniya ooo khtk ooo,Oil & Gas Producers,Russia,1,0,6,
kinugawa rubber industrial co ltd/old,Chemicals,Japan,1,0,5,
kmi wire & cable tbk pt,Electrical Equipment,Indonesia,4,0,6,
korea district heating,Electric Utilities,South Korea,6,6,3,
korea electronic power industrial development,Electric Utilities,South Korea,2,4,5,
krakatau steel persero tbk pt,Steel,Indonesia,8,20,5,
kratos defense & security solutions,Aerospace & Defense,USA,3,0,5,
ksb se & co kgaa,Machinery,Germany,1,0,5,
kunming metallurgical yuxin silicon material,Renewable Energy,China,1,1,5,
kunming yuntong electromotion tool equipments,Steel,China,1,1,5,
liaoning shixing pharmaceutical & chemical,Chemicals,China,1,0,5,
ljg green source energy alpha srl,Renewable Energy,Romania,2,0,6,
lotte chemical titan holding bhd,Chemicals,Malaysia,2,0,5,
lotte chemical titan tbk pt,Industrial Intermediate Prod,Indonesia,2,0,5,
lti steel wire rope shanghai,Steel,China,1,0,5,
magnitogorsk iron & steel works pjsc,Steel,Russia,3,0,6,
mahle behr gmbh & co kg,Automotive,Germany,1,0,6,
malaysian npk fertilizer sdn bhd,Chemicals,Malaysia,1,0,5,
malaysian refining co sdn bhd,Oil & Gas Producers,Malaysia,1,0,5,
manufacturera de ciguenales de mexico sa de cv,Automotive,Mexico,1,0,8,
maquinados automotrices y talleres industriales de celaya sa de cv,Industrial Intermediate Prod,Mexico,1,0,10,
maritime & port authority of singapore,Transportation & Logistics,Singapore,2,0,6,
mark dynamics indonesia tbk pt,Industrial Intermediate Prod,Indonesia,1,0,5,
mcc liaoning dragon pipe industries,Steel,China,1,0,5,
medco daya abadi lestari pt,Oil & Gas Producers,Indonesia,1,0,5,
medco energi internasional tbk pt,Oil & Gas Producers,Indonesia,4,19,5,
mellitah oil & gas bb,Oil & Gas Services & Equip,Italy,1,0,5,
michu district 8 redevelopment and maintenance business association,Engineering & Construction,South Korea,1,0,8,remove
milplan engenharia construcoes e montagens ltda,Engineering & Construction,Brazil,1,0,6,
minmetals shipping & forwarding shanghai,Transportation & Logistics,China,1,0,5,
mirfa international power & water co pjsc,Electric Utilities,UAE,1,0,7,
mitra energi persada tbk pt,Oil & Gas Services & Equip,Indonesia,2,0,5,
mitra international resources tbk pt,Transportation & Logistics,Indonesia,1,0,5,
mitsui chemicals & skc polyurethanes,Chemicals,South Korea,1,1,5,
mitsui sumitomo metal mining brass & copper,Metals & Mining,Japan,1,0,7,
miwon spain sl sociedad unipersonal,Chemicals,Spain,1,0,5,
miwon specialty chemical co ltd/new,Chemicals,South Korea,7,14,5,
mol hungarian oil & gas,Oil & Gas Producers,Hungary,1,0,5,
multistrada arah sarana tbk p,Automotive,Indonesia,1,0,5,
multivac sepp haggenmueller se & co kg,Machinery,Germany,1,0,7,
nam song hau tradinginvesting petroleum jsc,Oil & Gas Producers,Vietnam,1,0,6,
nan ya printed circuit board,Technology Hardware,Taiwan,2,0,5,
nanjing julong science & technology,Chemicals,China,1,0,5,
nanjing wavelength opto-electronic science & technology,Technology Hardware,China,1,0,6,
national jsc naftogaz of ukraine,Oil & Gas Producers,Ukraine,1,0,5,
national shipping co of saudi arabia/the,Transportation & Logistics,Saudi Arabia,1,0,6,
nec networks & system integration,Technology Services,Japan,1,0,5,
nelsen steel & wire lp,Steel,USA,1,0,5,
nikken koatsu heiwa kido kk,Engineering & Construction,Japan,1,0,5,
ningbo free trade zone shoude trade,Metals & Mining,China,1,0,6,
ningbo gaofa automotive control system,Automotive,China,1,0,5,
ningbo hangzhou bay bridge development,Transportation & Logistics,China,1,0,5,
ningbo ronbay new energy technology,Renewable Energy,China,3,6,5,
ninh binh thermal power jsc,Electric Utilities,Vietnam,1,0,5,
nippon corrosion engineering co ltd/the,Engineering & Construction,Japan,1,0,5,
nusa konstruksi enjiniring tbk pt,Engineering & Construction,Indonesia,2,0,5,
nvh india anantapur auto parts pvt,Automotive,India,1,0,6,
nylco mexicana sa de cv,Steel,Spain,1,0,5,
oil and gas holding co bscc/the,Oil & Gas Producers,Bahrain,1,0,6,
okinawa electric pizers co inc/the,Electric Utilities,Japan,2,0,5,
ontic engineering & manufacturing uk,Aerospace & Defense,UK,1,0,5,
orbia advance corp sab de cv,Chemicals,Mexico,7,0,6,
oriental union chemical,Chemicals,Taiwan,10,10,3,
otokar otomotiv ve savunua sanayi a s,Automotive,Turkey,2,0,7,
otransportes aereos pegaso sa de cv,Transportation & Logistics,Spain,1,0,6,
pan asia engineers & constructors,Engineering & Construction,Taiwan,1,0,5,
pangang group panzhihua steel vanadium,Steel,China,2,0,5,
pangang group vanadium titanium & resources,Steel,China,2,0,6,
panzhihua iron & steel group chengdu panel,Steel,China,1,0,7,
parque eolico cabo leones isa,Renewable Energy,Chile,1,0,5,
pelabuhan indonesia iv persero pt,Transportation & Logistics,Indonesia,3,0,5,
pelat timah nusantara tbk pt,Industrial Intermediate Prod,Indonesia,5,0,5,
peliculas plasticas sa de cv,Chemicals,Mexico,1,0,5,
perusahaan gas negara tbk pt,Gas & Water Utilities,Indonesia,9,0,5,
perusahaan perseroan persero pt perusahaan listrik negara,Electric Utilities,Indonesia,23,39,7,
perusahaan sadur timah malaysia perstima bhd,Industrial Intermediate Prod,Malaysia,2,0,6,
petroleum equipment assembly & metal structure jsc,Oil & Gas Services & Equip,Vietnam,2,2,7,
petroleum industrial & civil construction jsc,Engineering & Construction,Vietnam,1,1,6,
petroleum pipeline & tank construction jsc,Engineering & Construction,Vietnam,1,2,6,
petrovietnam ca mau fertilizer jsc,Chemicals,Vietnam,3,0,5,
petrovietnam drilling & well services jsc,Oil & Gas Services & Equip,Vietnam,1,3,6,
petrovietnam fertilizer & chemicals jsc,Chemicals,Vietnam,2,1,5,
petrovietnam nhon trach 2 power jsc,Electric Utilities,Vietnam,2,0,6,
petrovietnam oil nam dinh jsc,Oil & Gas Producers,Vietnam,1,1,5,
petrovietnam oil phu yen jsc,Oil & Gas Producers,Vietnam,1,1,5,
pha lai thermal power jsc,Electric Utilities,Vietnam,1,0,5,
philippines department of transportation,Engineering & Construction,Philippines,4,0,4,
phoenix contact gmbh & co kg,Electrical Equipment,Germany,1,0,6,
phuong dong viet transportation oil jsc,Oil & Gas Producers,Vietnam,1,0,6,
pingdingshan tianan coal industry qikuan,Metals & Mining,China,1,0,5,
pinturas valmex sa de cv,Engineering & Construction,Mexico,1,0,5,
pires do rio citep comercio e industria de ferro e aco ltda,Steel,Brazil,1,0,12,
placas laminas y perfiles de veracruz sa de cv,Steel,Mexico,1,0,9,
plains all american pipeline lp,Oil & Gas Producers,USA,5,0,5,
plasmar plastik ve kimya sanayi ve dis ticaret as,Industrial Intermediate Prod,Turkey,1,0,9,
plasticos el panda sa de cv,Industrial Intermediate Prod,El Salvador,1,0,6,
plastiques du val de loire,Automotive,France,1,0,5,
plesa anahuac y cias sa de cv,Steel,Spain,1,0,7,
polskie gornictwo naftowe i gazownictwo,Oil & Gas Producers,Spain,3,0,5,
port authority of thailand,Transportation & Logistics,Thailand,1,0,4,
post & telecommunication equipment jsc,Technology Hardware,Vietnam,1,0,5,
power construction corp of china,Engineering & Construction,China,3,0,5,
power engineering consulting jsc no 4,Engineering & Construction,Vietnam,1,0,6,
press metal aluminium holdings bhd,Metals & Mining,Malaysia,1,0,5,
productos laminados de monterrey sa de cv,Steel,Mexico,1,0,7,
productos rivial sa de cv,Chemicals,Mexico,1,0,5,
prosperity steel united singapore pte,Steel,Singapore,1,0,5,
proveedora de materiales plasticos sa de cv,Industrial Intermediate Prod,Spain,1,0,7,
ptsc thanh hoa port jsc,Transportation & Logistics,Vietnam,1,0,5,
ptt exploration & production pcl,Oil & Gas Producers,Thailand,4,0,5,
ptt oil & retail business pcl,Oil & Gas Producers,Thailand,1,1,6,
public transport authority of western australia,Transportation & Logistics,Australia,1,0,6,
pupuk indonesia holding co pt,Chemicals,Indonesia,4,0,5,
qatar electricity & water co qsc,Electric Utilities,Qatar,4,0,6,
qinhuangdao shouqin steel processing distribution,Steel,China,1,0,5,
quang ninh thermal power jsc,Electric Utilities,Vietnam,1,0,5,
rdg acos do brasil s/a,Steel,Spain,1,0,5,
resource alam indonesia tbk pt,Metals & Mining,Indonesia,2,1,5,
rizhao steel yingkou medium plate,Steel,China,2,0,5,
san francisco municipal transportation agency,Transportation & Logistics,USA,1,0,5,
sansteel minguang co ltd fujian,Steel,China,3,3,5,
sarralle steel melting plant sl,Machinery,Spain,1,0,5,
se san 4a hydropower jsc,Electric Utilities,Vietnam,1,0,5,
seah precision mexico sa de cv,Electrical Equipment,Mexico,1,0,6,
semen indonesia persero tbk pt,Construction Materials,Indonesia,5,0,5,
seneca wire & manufacturing co/the,Industrial Intermediate Prod,USA,1,0,5,
seoyon e-hwa automotive slovakia sro,Automotive,Slovakia,1,0,5,
seoyon e-hwa summit automotive anantapur pvt,Automotive,India,1,0,6,
shaanxi hanzhong iron & steel,Steel,China,1,0,5,
shan xi hua yang new materials,Chemicals,China,1,0,6,
shandong lubei enterprise group general,Chemicals,China,1,0,5,
shanghai bao steel pudong international trading,Steel,China,1,0,6,
shanghai baosteel & arcelor tailor metal,Automotive,China,1,0,6,
shanghai chlorine & alkali creative,Chemicals,China,1,0,5,
shanghai gkn huayu driveline systems,Automotive,China,1,0,5,
shanghai pacific chemical group huai'an sodium sulfate anhydrous,Chemicals,China,1,0,8,
shanghai pacific chemical group huai'ar,Chemicals,China,1,0,5,
shanghai research institute of chemical industry,Chemicals,China,1,0,6,
shanghai shougang steel & iron trading,Metals & Mining,China,1,0,6,
shanghai stal precision stainless steel,Steel,China,1,0,5,
shanxi coal import & export,Metals & Mining,China,1,2,5,
shanxi lu'an environmental energy development,Metals & Mining,China,3,0,5,
shanxi lu'an mining group rizhao international trading,Metals & Mining,China,1,0,7,
shenzhen kstar science and technology,Renewable Energy,China,2,26,5,
shin foong specialty & applied materials,Chemicals,Taiwan,3,0,6,
shougang changzhi iron & steel,Steel,China,1,0,5,
shougang shuicheng iron & steel,Steel,China,1,0,5,
sistemas automotrices de mexico sa de cv,Automotive,Mexico,2,0,7,
slavneft oil & gas co ojsc,Oil & Gas Producers,Russia,2,1,6,
sociedad minera cerro verde saa,Metals & Mining,Peru,1,0,5,
sociedad quimica y minera de chile,Chemicals,Chile,4,24,6,
societe algerienne de l'electricite et du gaz,Oil & Gas Producers,Algeria,2,0,7,
societe nationale de i electricite & du gaz,Oil & Gas Producers,Algeria,1,0,8,
societe noiseenne d'outillage de presse sasu,Automotive,France,2,0,6,
societe tunisienne de l'electricite et du gaz,Electric Utilities,Tunisia,1,0,7,
solusi bangun indonesia tbk pt,Construction Materials,Indonesia,5,0,5,
son ha sai gon jsc,Industrial Intermediate Prod,Vietnam,1,0,5,
south asia lpg co pvt,Oil & Gas Producers,India,1,0,5,
stahl de mexico sa de cv,Chemicals,Mexico,1,0,6,
star energy geothermal wayang windu,Electric Utilities,"Virgin Islands, British",1,0,5,
state grid anhui electric power,Gas & Water Utilities,China,3,0,5,
state grid corp of china,Electric Utilities,China,17,25,5,
state grid henan electric power,Electric Utilities,China,1,0,5,
state grid hubei electric power,Electric Utilities,China,2,0,5,
state grid integrated energy service,Electric Utilities,China,1,0,5,
state grid jiangxi electric power,Electric Utilities,China,1,0,5,
state grid jilin electric power,Electric Utilities,China,1,0,5,
state grid shandong electric power,Electric Utilities,China,2,0,5,
state grid shanghai municipal electric power,Electric Utilities,China,2,0,6,
state grid shanxi electric power,Electric Utilities,China,1,0,5,
state grid sichuan electric power,Electric Utilities,China,5,32,5,
state nuclear electric power planning design & research institute,Engineering & Construction,China,1,0,9,
state of south australia department of planning transportation,Transportation & Logistics,Australia,1,0,8,remove
state oil co of the azerbaijan republic,Oil & Gas Producers,UK,2,5,7,
state power investment corp shanxi aluminum,Metals & Mining,China,1,0,6,
steel pipe industry of indonesia pt,Steel,Indonesia,9,12,6,
sufa technology industry co ltd cnnc,Machinery,China,1,0,6,
sumi indo kabel tbk pt,Electrical Equipment,Indonesia,1,0,5,
supreme cable manufacturing corp tbk pt,Electrical Equipment,Indonesia,2,0,6,
surtidora de alambres y aceros del centro sa de cv,Steel,Spain,1,0,10,
surya esa perkasa tbk pt,Oil & Gas Producers,Indonesia,1,0,5,
suzhou jin hong shun auto parts,Automotive,China,1,0,6,
suzhou shougang longxing steel processing distribution,Steel,China,1,0,6,
ta ya electric wire & cable,Electrical Equipment,Taiwan,4,0,6,
tachia yung ho machine industry,Industrial Intermediate Prod,Taiwan,5,2,5,
tai-i electric wire & cable,Industrial Intermediate Prod,Taiwan,2,0,5,
takigami steel construction co ltd/the,Engineering & Construction,Japan,2,3,5,
talleres y aceros sa de cv,Steel,Mexico,1,0,6,
tan chong motor holdings bhd,Automotive,Malaysia,1,0,5,
tangshan beishiti iron & steel group fufeng steel,Steel,China,1,0,8,
tatsuta electric wire and cable,Electrical Equipment,Japan,2,9,5,
tcl rechi huizhou refrigeration equipment,Machinery,China,1,0,5,
tcl zhonghuan renewable energy technology,Renewable Energy,China,2,0,5,
tcorrugados y trefilados sa de cv,Steel,Spain,1,0,6,
telkom indonesia persero tbk pt,Telecommunications,Indonesia,2,0,5,
tembaga mulia semanan tbk pt,Metals & Mining,Indonesia,1,0,5,
terna - rete elettrica nazionale,Electric Utilities,Italy,2,0,5,
ternium mexico sa de cv,Steel,Mexico,2,1,5,
thai binh petrovietnam oil jsc,Oil & Gas Producers,Vietnam,1,1,5,
thai cold rolled steel sheet pcl,Steel,Thailand,1,0,6,
thai rung union car pcl,Automotive,Thailand,1,0,5,
thang long metal wares jsc,Industrial Intermediate Prod,Vietnam,3,1,5,
third construction co ltd of china construction eighth engineering division,Engineering & Construction,China,1,0,10,
thu dau mot water jsc,Gas & Water Utilities,Vietnam,1,0,5,
thu duc electro mechanical jsc,Electrical Equipment,Vietnam,1,1,5,
thu duc trading and import export jsc,Oil & Gas Producers,Vietnam,2,2,7,
tianjin 712 communication & broadcasting,Technology Hardware,China,1,0,5,
tianjin b&m science & technology joint-stock,Chemicals,China,3,3,6,
tianjin futong information science & technology,Technology Hardware,China,1,0,6,
tianjin guoan mengguli new materials science & technology,Metals & Mining,China,1,0,8,
tien len steel corp jsc,Steel,Vietnam,1,0,5,
tifico fiber indonesia tbk pt,Chemicals,Indonesia,2,0,5,
tinplate co of india ltd/the,Steel,India,1,0,5,
tns energo nizhny novgorod pjsc,Electric Utilities,Russia,1,0,5,
tofas turk otomobil fabrikasi as,Automotive,Turkey,1,0,5,
top energy co ltd shanxi,Electric Utilities,China,1,0,5,
toyota peugeot citroen automobile czech sro,Automotive,Japan,1,0,6,
tradeco infraestructura sa de cv,Engineering & Construction,Spain,1,0,5,
truper herramientas sa de cv,Machinery,Spain,2,0,5,
trw sun steering wheels pvt,Automotive,India,1,0,5,
umm al houl power qpsc,Electric Utilities,Qatar,2,0,5,
unggul indah cahaya tbk pt,Chemicals,Indonesia,5,0,5,
union chemicals lanka,Chemicals,Sri Lanka,1,0,3,
union community,Electrical Equipment,South Korea,1,0,2,remove
union fenosa gas,Gas & Water Utilities,Spain,1,0,3,
union tool,Machinery,Japan,1,0,2,
united co rusal international pjsc,Metals & Mining,Russia,3,11,5,
united renewable energy co ltd/taiwan,Renewable Energy,Taiwan,2,0,5,
usinas siderurgicas de minas gerais sa usiminas,Steel,Brazil,10,5,7,
vacom vakuum komponenten & messtechnik,Electrical Equipment,Germany,1,0,5,
valloured solucoes tubulares do brasil,Steel,Spain,1,0,5,
vancouver airport authority,Transportation & Logistics,Canada,1,0,3,
viet steel trading & manufacturing,Steel,Vietnam,1,1,5,
vietnam engine & agricultural machinery,Machinery,Vietnam,1,0,5,
vietnam germany steel pipe jsc,Industrial Intermediate Prod,Vietnam,1,0,5,
vinacomin - halam coal jsc,Metals & Mining,Vietnam,1,0,5,
vinacomin coal import & export jsc,Metals & Mining,Vietnam,1,0,6,
virtue dragon nickel industry pt,Metals & Mining,Indonesia,1,0,5,
vung ang 2 thermal power jsc,Electric Utilities,Vietnam,1,0,6,
w&g beteiligungs-gmbh & co kg,Oil & Gas Producers,Germany,1,0,5,
wanhua chemical group co ut!,Chemicals,China,2,0,5,
waskita beton precast tbk pt,Construction Materials,Indonesia,1,0,5,
waskita karya persero tbk pt,Engineering & Construction,Indonesia,6,8,5,
wijaya karya bangunan gedung tbk pt,Engineering & Construction,Indonesia,2,0,6,
wijaya karya beton tbk pt,Construction Materials,Indonesia,2,0,5,
wijaya karya persero tbk pt,Engineering & Construction,Indonesia,7,0,5,
wuhan pingmei wugang joint coking,Chemicals,China,1,0,5,
wuhu qinhui automobile fittings manufacturing,Automotive,China,1,0,5,
xinjiang beiken energy engineering stock,Oil & Gas Services & Equip,China,1,0,5,
xtc new energy materials xiamen,Chemicals,China,2,1,5,
yancheng lianxin iron & steel,Steel,China,1,0,5,
yangtze optical fibre & cable joint stock,Technology Hardware,China,1,0,7,
young hwa construction & engineering,Engineering & Construction,South Korea,1,0,5,
yung chi paint & varnish manufacturing,Chemicals,Taiwan,6,18,6,
yunnan dianzhong industrial development group co l,Transportation & Logistics,China,1,0,7,
yunnan luoping zinc & electricity,Metals & Mining,China,2,0,5,
zf sachs suspension mexico sa de cv,Automotive,Spain,1,0,7,
zhangjiagang dongbu high technology metal,Steel,China,1,0,5,
zhangjiakou xuanlong high speed wire,Steel,China,1,0,5,
zhejiang asia-pacific mechanical & electronic,Automotive,China,4,0,5,
zhejiang dewei hard alloy manufacturing,Industrial Intermediate Prod,China,1,0,5,
zhejiang feida environmental science & technology,Machinery,China,1,0,6,
zhejiang geely automobile parts purchasing,Automotive,China,1,0,5,
zhejiang jiahua energy chemical industry,Chemicals,China,3,20,5,
zhejiang jingsheng mechanical & electrical,Semiconductors,China,1,0,5,
zhejiang kingland pipeline & technologies,Steel,China,1,44,5,
zhejiang vie science & technology,Automotive,China,1,0,5,
zhejiang zhaofeng mechanical & electronic,Automotive,China,1,0,5,
zhongping energy chemical group machinery manufacturing,Machinery,China,1,0,6,
zhuhai shenneng hongwan electric power,Electric Utilities,China,1,0,5,
zhuoshen non-ferrous metals plant & equipment,Machinery,China,1,0,6,
zoomlion heavy industry science and technology,Machinery,China,2,0,6,
