company,category
bayerische motoren werke,oem
mercedes-benz,oem
stellantis,oem
toyota motor,oem
hyundai motor,oem
ford motor,oem
kia,oem
volkswagen,oem
great wall motor,oem
geely automobile,oem
hyundai mobis,oem
tesla,oem
volvo car ab,oem
chongqing changan automobile,oem
nio,oem
saic motor,oem
contemporary amperex technology,oem
general motors,oem
guangzhou automobile,oem
hero motocorp,oem
kg mobility,oem
lg energy solution,oem
nissan motor,oem
renault,oem
tata motors,oem
chery automobile,oem
china faw,oem
dongfeng motor,oem
honda motor,oem
mahindra & mahindra,oem
nexen tire,oem
robert bosch,oem
samsung sdi,oem
borgwarner,oem
bridgestone,oem
byd,oem
forvia se,oem
harley-davidson,oem
korea movenex,oem
mazda motor,oem
wooshin systems,oem
yeong motal,oem
aapico hitech pcl,oem
aisin,oem
baic bluepark new energy technology,oem
baic motor,oem
brilliance china automotive,oem
li auto,oem
nexteer automotive,oem
romeo power,oem
suzuki motor,oem
toyota industries,oem
xpeng,oem
zhejiang geely holding,oem
american axle & manufacturing,oem
gac toyota motor,oem
gotion high-tech,oem
jiangsu lixing general steel ball,oem
kumho tire,oem
magna international,oem
maruti suzuki india,oem
schaeffler,oem
sichuan haowu electromechanical,oem
tokai rika,oem
tong yang industry,oem
zf friedrichshafen,oem
adient,oem
autoliv,oem
canoo,oem
dr ing hc f porsche,oem
eicher motors,oem
faw volkswagen automotive,oem
fawer automotive parts,oem
hiroca holdings lid,oem
hyundai transys,oem
kyungchang industrial,oem
lucid,oem
rivian automotive,oem
saic volkswagen automotive,oem
saic-gm-wuling automobile,oem
sangsin brake,oem
seres,oem
shanghai jiao yun,oem
subaru,oem
sumitomo rubber industries,oem
toyoda gosei,oem
valeo se,oem
wanxiang qianchao,oem
zhejiang leapmotor technology,oem
astra otoparts tbk pt,oem
audi,oem
beijing automotive,oem
bmw brilliance automotive,oem
cars motorcycles and marine engine trade and import,oem
changan ford automobile,oem
china motor,oem
china south industries,oem
chuo spring,oem
dae won kang up,oem
dgenx,oem
garrett motion,oem
gestamp automocion,oem
haima automobile,oem
hota industrial manufacturing,oem
hudaco industries,oem
hyundai powertech,oem
jiangling motor holding,oem
koito manufacturing,oem
mitsubishi motors,oem
nok,oem
sanyang motor,oem
ta yih industrial,oem
triangle tyre,oem
umw holdings bhd,oem
vinfast auto,oem
vitesco technologies,oem
warxiano qiandiao co lid,oem
zf trw automotive,oem
zotye automobile,oem
aisan industry,oem
beijing benz automotive,oem
bosch,oem
changchun yidong clutch,oem
cnc driveline technology,oem
daedong metals,oem
dangfeng electronic technology co lb,oem
denso,oem
dongfeng automobile,oem
dongfeng honda automobile,oem
dongwon metal,oem
dy,oem
eurocharm,oem
farasis energy gan zhou,oem
fev,oem
fisker,oem
ford otomotiv sanayi as,oem
gac fiat chrysler automobiles,oem
getrag jiangxi transmission,oem
guangqi honda automobile,oem
hanjung natural connectivity system,oem
hl mando,oem
holley,oem
iav automotive engineering,oem
jardine strategic,oem
jiangxi changhe automobile,oem
jtekt,oem
kyb,oem
lordstown motors,oem
luminar technologies,oem
mobileye global,oem
munjal showa,oem
neooto,oem
nexen,oem
nissin kogyo,oem
polestar automotive holding uk,oem
pusan cast iron,oem
sapura industrial bhd,oem
selamat sempurna tbk pt,oem
shenyang jinbei automotive,oem
shun on electronic,oem
sichuan faw toyota motor,oem
sjm,oem
stellantis hv,oem
sumitomo electric industries,oem
tianjin faw toyota engine,oem
tieliu,oem
toyota boshoku,oem
transaxle manufacturing of america,oem
unitekno,oem
xinchen china power,oem
yeong hwa metal,oem
apam,oem
aptiv,oem
asti,oem
atlas honda,oem
beijing hyundai motor,oem
cayman engley industrial,oem
dana,oem
dongfeng electronic technology,oem
futaba industrial,oem
g-tekt corporation,oem
gb corp/eg,oem
gm korea,oem
grupo industrial saltillo sab de cv,oem
h-one,oem
hitachi astemo,oem
honda atlas cars pakistan,oem
hyundai wia,oem
iat automobile technology,oem
j-max,oem
jay ushin,oem
kaison green energy technology,oem
keihin,oem
kian shen,oem
linamar,oem
nemak sab de cv,oem
nisshinbo,oem
nvh korea,oem
nwtn,oem
piaggio & c,oem
posco future m,bridge
topre,bridge
hansol chemical,bridge
formosa chemicals & fibre,bridge
lg chem,bridge
guangzhou development,bridge
grupo simec sab de cv,bridge
kukdo chemical,bridge
samsung c&t,bridge
mitsubishi electric,bridge
vallourec saca,bridge
tdk,bridge
shell,bridge
stanley black & decker,bridge
cx technology,bridge
globaltek fabrication,bridge
kumho petrochemical,bridge
hd hyundai heavy industries,bridge
kumkang kind,bridge
indian oil,bridge
yokohama rubber co ltd/the,bridge
posco international,bridge
mobase electronics,bridge
ningbo shanshan,bridge
nichias,bridge
sk innovation,bridge
apple,bridge
baoshan iron & steel,bridge
murata manufacturing,bridge
zeon,bridge
taiwan cement,bridge
uacj,bridge
qst international,bridge
posco eco & challenge,bridge
asahi kasei,bridge
corteva,bridge
grupo antolin-irausa,bridge
steel pipe industry of indonesia pt,bridge
tokai carbon,bridge
alfa sab de cv,bridge
sumitomo chemical,bridge
cummins,bridge
eni,bridge
nagase,bridge
daikin industries,bridge
thang long metal wares jsc,bridge
right way industrial,bridge
nhk spring,bridge
nsk,bridge
zhejiang juhua,bridge
thyssenkrupp,bridge
topy industries,bridge
oct,bridge
jsr,bridge
mitsui,bridge
okaya,bridge
asiana airlines,bridge
hanwa,bridge
sunwoda electronic,bridge
hdc hyundai engineering plastics,bridge
oci,bridge
minebea mitsumi,bridge
gmb,bridge
arcelormittal,bridge
ube,bridge
saudi basic industries,bridge
yorozu,bridge
akzo nobel,bridge
gem,bridge
taeyang metal industrial,bridge
ntn,bridge
beijing shougang,bridge
ls electric,bridge
hyundai rotem,bridge
avient,bridge
axalta coating systems,bridge
taita chemical,bridge
lucky cement,bridge
nations technologies,bridge
volvo ab,bridge
dl holdings co lirl,bridge
lg electronics,bridge
mitsubishi chemical,bridge
ijtt,bridge
toyota tsusho,bridge
shanghai huayi,bridge
hino motors,bridge
sk,bridge
jui li enterprise,bridge
eurogroup laminations,bridge
tokyo nissan computer system,bridge
saudi arabian oil,bridge
daechang steel,bridge
seah besteel,bridge
electra battery materials,bridge
aluminum corp of china,bridge
yokogawa bridge,bridge
press kogyo,bridge
kobe steel,bridge
skf ab,bridge
usa steel,bridge
grupo pochteca sab de cv,bridge
lanxess,bridge
eve energy,bridge
guangdong delian,bridge
dongil industries,bridge
tokyo rope manufacturing,bridge
toray industries,bridge
cia siderurgica nacional,bridge
kyowakogyosyo,bridge
nan ya plastics,bridge
hanjin transportation,bridge
daido metal,bridge
aichi steel,bridge
zhejiang huayou cobalt,bridge
kg eco technology service,bridge
mitsubishi heavy industries,bridge
bh,bridge
alcoa,bridge
panasonic,bridge
konica minolta,bridge
kawasaki heavy industries,bridge
tata steel,bridge
zhejiang founder motor,bridge
jiangsu lopal tech,bridge
maruichi steel tube,bridge
cngr advanced material,bridge
jordan petroleum refinery,bridge
garuda metalindo tbk pt,bridge
aes corp/the,bridge
iron force industrial,bridge
daimler truck holding,bridge
sanoh industrial,bridge
guangzhou tinci materials technology,bridge
ternium,bridge
air water,bridge
3m,bridge
rio tinto,bridge
hitachi,bridge
mitsubishi steel manufacturing,bridge
mahle,bridge
bakrie and brothers tbk pt,bridge
hyundai engineering & construction,bridge
calb,bridge
nippon steel trading,bridge
hd korea shipbuilding & offshore engineering,bridge
unipres,bridge
komatsu,bridge
obayashi,bridge
patec precision industry,bridge
china petroleum & chemical,bridge
kajima,bridge
china fineblanking technology,bridge
umicore,bridge
san shing fastech,bridge
vedanta,bridge
dongsung chemical,bridge
samsung electronics,bridge
e1,bridge
jfe,bridge
seah,bridge
snt,bridge
sony,bridge
bhp,bridge
daido steel,bridge
rohm,bridge
seojin system,bridge
kg dongbusteel,bridge
kiswire,bridge
toagosei,bridge
hunan corun new energy,bridge
krakatau steel persero tbk pt,fallback_1hop
gunung raja paksi tbk pt,fallback_1hop
waskita karya persero tbk pt,fallback_1hop
medco energi internasional tbk pt,fallback_1hop
pp persero tbk pt,fallback_2hop
tenaris,fallback_2hop
