event_id,category,system,scoring_bucket,score_for_recall,score_for_precision,n_predicted,n_affected_total,n_affected_reachable,tp,tp_reachable,fp,tp_names,fp_names,missed_names
1_posco_2022,natural_disaster,A,D,False,True,1,1,0,0,0,1,[],['posco'],[]
2_nippon_steel_2011,natural_disaster,A,B,True,True,2,9,9,0,0,2,[],"['auto', 'steel']","['ford motor', 'general motors', 'hitachi', 'honda motor', 'komatsu', 'nissan motor', 'panasonic', 'sony', 'toyota motor']"
4_dow_2017,natural_disaster,A,B,True,True,0,9,3,0,0,0,[],[],"['ashland', 'exxon mobil', 'formosa plastics', 'ineos', 'occidental petroleum', 'shell']"
17_basf_se_2016,industrial_accident,A,C,True,True,0,1,1,0,0,0,[],[],['dow']
18_chevron_2012,industrial_accident,A,A,False,True,1,0,0,0,0,1,[],['unit'],[]
19_cpc_corp_taiwan_2014,industrial_accident,A,C,True,True,0,3,2,0,0,0,[],[],"['china petrochemical development', 'taiwan power']"
33_kyushu_electric_power_2018,energy,A,A,False,True,0,0,0,0,0,0,[],[],[]
34_korea_electric_power_2011,energy,A,A,False,True,0,0,0,0,0,0,[],[],[]
47_china_steel_2018,geopolitical_policy,A,B,True,True,1,2,2,0,0,1,[],['steel'],"['ford motor', 'general motors']"
48_glencore_2025,uncategorized,A,D,False,True,0,1,0,0,0,0,[],[],['eurasian resources']
5_formosa_plastics_2021,natural_disaster,A,C,True,True,0,9,2,0,0,0,[],[],"['celanese', 'infineon technologies', 'lyondellbasell industries', 'nxp semiconductors', 'olin', 'samsung electronics']"
8_exxon_mobil_2005,natural_disaster,A,D,False,True,0,4,0,0,0,0,[],[],"['air products and chemicals', 'cf industries']"
9_xinxiang_tianli_energy_2021,natural_disaster,A,D,False,True,1,5,0,0,0,1,[],['logistics'],"['fedex', 'hon hai precision industry', 'nissan motor', 'saic motor']"
20_formosa_petrochemical_2019,industrial_accident,A,C,False,False,1,1,1,0,0,1,[],['unit'],['formosa chemicals & fibre']
21_mitsubishi_materials_2014,industrial_accident,A,C,True,True,0,1,1,0,0,0,[],[],['sumco']
23_s_oil_2022,industrial_accident,A,A,False,True,1,0,0,0,0,1,[],['unit'],[]
35_gazprom_pjsc_2022,geopolitical_policy,A,B,True,True,0,6,2,0,0,0,[],[],"['alcoa', 'arcelormittal', 'norsk hydro asa', 'nyrstar', 'yara international asa']"
36_basf_se_2022,energy,A,A,False,False,0,0,0,0,0,0,[],[],[]
49_xiamen_tungsten_2010,geopolitical_policy,A,A,False,False,0,0,0,0,0,0,[],[],[]
50_aneka_tambang_tbk_2020,geopolitical_policy,A,A,False,True,0,0,0,0,0,0,[],[],[]
10_hesteel_2023,natural_disaster,A,A,False,True,2,0,0,0,0,2,[],"['logistics', 'steel']",[]
11_aurizon_2010,natural_disaster,A,B,True,True,0,11,3,0,0,0,[],[],"['arcelormittal', 'bhp', 'peabody energy', 'rio tinto', 'vale']"
24_bp_2010,industrial_accident,A,D,False,True,0,3,0,0,0,0,[],[],[]
25_petrochina_2005,industrial_accident,A,A,False,True,0,0,0,0,0,0,[],[],[]
38_perusahaan_perseroan_persero_pt_perusahaan_listrik_negara_2019,energy,A,C,True,True,0,6,1,0,0,0,[],[],['indosat tbk pt']
40_state_grid_corp_of_china_2021,energy,A,D,False,True,0,5,0,0,0,0,[],[],['unimicron technology']
41_yunnan_aluminium_2022,energy,A,A,False,True,0,0,0,0,0,0,[],[],[]
54_yunnan_chihong_zinc_germanium_2023,geopolitical_policy,A,D,False,True,0,1,0,0,0,0,[],[],[]
57_united_co_rusal_international_pjsc_2018,geopolitical_policy,A,D,False,True,0,5,0,0,0,0,[],[],"['constellium se', 'rio tinto']"
59_coronado_global_resources_2020,geopolitical_policy,A,C,True,True,0,4,1,0,0,0,[],[],"['aurizon', 'peabody energy']"
1_posco_2022,natural_disaster,B,D,False,True,63,1,0,0,0,63,[],"['aapico hitech pcl', 'aes corp/the', 'apple', 'bakrie and brothers tbk pt', 'dae won kang up', 'daechang steel', 'daedong metals', 'dgenx', 'dongil industries', 'dongsung chemical', 'dongwon metal', 'eurogroup laminations', 'general motors', 'guangzhou tinci materials technology', 'hanjung natural connectivity system', 'hd hyundai heavy industries', 'hd korea shipbuilding & offshore engineering', 'hyundai mobis', 'hyundai motor', 'jiangsu lixing general steel ball', 'kg dongbusteel', 'kg eco technology service', 'kg mobility', 'kia', 'kiswire', 'korea electric power', 'korea movenex', 'krakatau steel persero tbk pt', 'kumho petrochemical', 'kumkang kind', 'kyungchang industrial', 'lg chem', 'lg electronics', 'lg energy solution', 'ls electric', 'maruichi steel tube', 'nations technologies', 'oci', 'posco eco & challenge', 'posco future m', 'posco international', 'pusan cast iron', 'qst international', 's-oil', 'samsung c&t', 'samsung electronics', 'samsung sdi', 'san shing fastech', 'sangsin brake', 'schaeffler', 'seah', 'selamat sempurna tbk pt', 'seojin system', 'sjm', 'sk', 'sk innovation', 'steel pipe industry of indonesia pt', 'taeyang metal industrial', 'thang long metal wares jsc', 'usa steel', 'wooshin systems', 'yeong hwa metal', 'zhejiang huayou cobalt']",[]
2_nippon_steel_2011,natural_disaster,B,B,True,True,81,9,9,9,9,72,"['ford motor', 'general motors', 'hitachi', 'honda motor', 'komatsu', 'nissan motor', 'panasonic', 'sony', 'toyota motor']","['aichi steel', 'air water', 'apple', 'asahi kasei', 'baoshan iron & steel', 'bh', 'china motor', 'china steel', 'daido metal', 'daikin industries', 'denso', 'eurogroup laminations', 'futaba industrial', 'gmb', 'hanwa', 'hd korea shipbuilding & offshore engineering', 'hino motors', 'hyundai motor', 'ijtt', 'iron force industrial', 'jtekt', 'kawasaki heavy industries', 'kg dongbusteel', 'kg eco technology service', 'kian shen', 'kiswire', 'kobe steel', 'konica minolta', 'kukdo chemical', 'kyowakogyosyo', 'kyushu electric power', 'maruichi steel tube', 'mazda motor', 'minebea mitsumi', 'mitsubishi chemical', 'mitsubishi electric', 'mitsubishi heavy industries', 'mitsubishi motors', 'mitsubishi steel manufacturing', 'mitsui', 'nhk spring', 'nichias', 'nippon steel trading', 'nsk', 'ntn', 'obayashi', 'okaya', 'press kogyo', 'qst international', 'san shing fastech', 'sanoh industrial', 'schaeffler', 'skf ab', 'snt', 'subaru', 'sumitomo electric industries', 'suzuki motor', 'thang long metal wares jsc', 'tokyo nissan computer system', 'tokyo rope manufacturing', 'topre', 'topy industries', 'toyota industries', 'toyota tsusho', 'ube', 'unipres', 'vallourec saca', 'volkswagen', 'volvo ab', 'yokogawa bridge', 'yokohama rubber co ltd/the', 'yorozu']",[]
4_dow_2017,natural_disaster,B,B,True,True,9,9,3,1,1,8,['formosa plastics'],"['avient', 'grupo pochteca sab de cv', 'hdc hyundai engineering plastics', 'hyundai motor', 'nan ya plastics', 'samsung electronics', 'saudi arabian oil', 'toray industries']","['ashland', 'exxon mobil', 'ineos', 'occidental petroleum', 'shell']"
17_basf_se_2016,industrial_accident,B,C,True,True,30,1,1,0,0,30,[],"['3m', 'akzo nobel', 'avient', 'axalta coating systems', 'bayerische motoren werke', 'byd', 'corteva', 'cummins', 'dongsung chemical', 'farasis energy gan zhou', 'ford motor', 'gazprom pjsc', 'general motors', 'grupo antolin-irausa', 'grupo pochteca sab de cv', 'guangdong delian', 'hansol chemical', 'honda motor', 'lanxess', 'lg chem', 'mobase electronics', 'ningbo shanshan', 'nissan motor', 'saic motor', 'samsung sdi', 'schaeffler', 'subaru', 'tata motors', 'toagosei', 'volkswagen']",['dow']
18_chevron_2012,industrial_accident,B,A,False,True,8,0,0,0,0,8,[],"['cia siderurgica nacional', 'cummins', 'e1', 'indian oil', 'jordan petroleum refinery', 'lanxess', 'sk', 'toyota motor']",[]
19_cpc_corp_taiwan_2014,industrial_accident,B,C,True,True,5,3,2,0,0,5,[],"['china motor', 'china steel', 'formosa plastics', 'taita chemical', 'taiwan cement']","['china petrochemical development', 'taiwan power']"
33_kyushu_electric_power_2018,energy,B,A,False,True,68,0,0,0,0,68,[],"['adient', 'air water', 'aisan industry', 'aisin', 'asahi kasei', 'basf se', 'bridgestone', 'chuo spring', 'daido metal', 'daido steel', 'daimler truck holding', 'denso', 'dow', 'futaba industrial', 'h-one', 'hino motors', 'hitachi', 'honda motor', 'jfe', 'jsr', 'jtekt', 'kobe steel', 'koito manufacturing', 'mahle', 'maruichi steel tube', 'minebea mitsumi', 'mitsubishi chemical', 'mitsubishi electric', 'mitsubishi heavy industries', 'mitsubishi materials', 'mitsubishi motors', 'mitsubishi steel manufacturing', 'nagase', 'nhk spring', 'nichias', 'nippon steel', 'nippon steel trading', 'nissan motor', 'nisshinbo', 'nok', 'nsk', 'okaya', 'panasonic', 'posco', 'rohm', 'sanoh industrial', 'sony', 'stanley black & decker', 'sumitomo chemical', 'sumitomo electric industries', 'sumitomo rubber industries', 'tdk', 'thyssenkrupp', 'toagosei', 'tokai carbon', 'tokyo rope manufacturing', 'topre', 'topy industries', 'toyoda gosei', 'toyota boshoku', 'toyota motor', 'toyota tsusho', 'uacj', 'ube', 'unipres', 'valeo se', 'yorozu', 'zeon']",[]
34_korea_electric_power_2011,energy,B,A,False,True,10,0,0,0,0,10,[],"['hyundai engineering & construction', 'hyundai rotem', 'kumho petrochemical', 'ls electric', 'lucky cement', 'perusahaan perseroan persero pt perusahaan listrik negara', 'posco', 'samsung c&t', 'sk', 'vedanta']",[]
47_china_steel_2018,geopolitical_policy,B,B,True,True,29,2,2,2,2,27,"['ford motor', 'general motors']","['china fineblanking technology', 'cpc corp/taiwan', 'cx technology', 'eurocharm', 'eurogroup laminations', 'garuda metalindo tbk pt', 'globaltek fabrication', 'gunung raja paksi tbk pt', 'hota industrial manufacturing', 'jui li enterprise', 'kajima', 'kian shen', 'maruichi steel tube', 'mitsubishi heavy industries', 'nippon steel', 'nippon steel trading', 'nissan motor', 'patec precision industry', 'qst international', 'right way industrial', 'san shing fastech', 'taiwan cement', 'tesla', 'tokai carbon', 'tong yang industry', 'toyota motor', 'volkswagen']",[]
48_glencore_2025,uncategorized,B,D,False,True,18,1,0,0,0,18,[],"['alcoa', 'arcelormittal', 'bayerische motoren werke', 'cia siderurgica nacional', 'cngr advanced material', 'contemporary amperex technology', 'coronado global resources', 'electra battery materials', 'formosa petrochemical', 'gem', 'grupo simec sab de cv', 'guangzhou development', 'korea electric power', 'samsung sdi', 'sk innovation', 'umicore', 'xiamen tungsten', 'zhejiang juhua']",['eurasian resources']
5_formosa_plastics_2021,natural_disaster,B,C,True,True,7,9,2,0,0,7,[],"['dow', 'formosa chemicals & fibre', 'formosa petrochemical', 'nan ya plastics', 'nexen tire', 'saudi basic industries', 'taita chemical']","['celanese', 'infineon technologies', 'lyondellbasell industries', 'nxp semiconductors', 'olin', 'samsung electronics']"
8_exxon_mobil_2005,natural_disaster,B,D,False,True,10,4,0,0,0,10,[],"['alfa sab de cv', 'dongsung chemical', 'general motors', 'indian oil', 'jiangsu lopal tech', 'jordan petroleum refinery', 'lg chem', 'mercedes-benz', 's-oil', 'volkswagen']","['air products and chemicals', 'cf industries']"
9_xinxiang_tianli_energy_2021,natural_disaster,B,D,False,True,3,5,0,0,0,3,[],"['byd', 'calb', 'eve energy']","['fedex', 'hon hai precision industry', 'nissan motor', 'saic motor']"
20_formosa_petrochemical_2019,industrial_accident,B,C,False,False,14,1,1,1,1,13,['formosa chemicals & fibre'],"['bp', 'dl holdings co lirl', 'formosa plastics', 'glencore', 'jiangsu lopal tech', 'jsr', 'nan ya plastics', 'petrochina', 'shell', 'sumitomo chemical', 'taita chemical', 'taiwan cement', 'zeon']",[]
21_mitsubishi_materials_2014,industrial_accident,B,C,True,True,6,1,1,0,0,6,[],"['asahi kasei', 'denso', 'kobe steel', 'mitsubishi electric', 'schaeffler', 'sumitomo electric industries']",['sumco']
23_s_oil_2022,industrial_accident,B,A,False,True,0,0,0,0,0,0,[],[],[]
35_gazprom_pjsc_2022,geopolitical_policy,B,B,True,True,3,6,2,0,0,3,[],"['eni', 'saudi arabian oil', 'united co rusal international pjsc']","['alcoa', 'arcelormittal', 'norsk hydro asa', 'nyrstar', 'yara international asa']"
36_basf_se_2022,energy,B,A,False,False,30,0,0,0,0,30,[],"['3m', 'akzo nobel', 'avient', 'axalta coating systems', 'bayerische motoren werke', 'byd', 'corteva', 'cummins', 'dongsung chemical', 'farasis energy gan zhou', 'ford motor', 'gazprom pjsc', 'general motors', 'grupo antolin-irausa', 'grupo pochteca sab de cv', 'guangdong delian', 'hansol chemical', 'honda motor', 'lanxess', 'lg chem', 'mobase electronics', 'ningbo shanshan', 'nissan motor', 'saic motor', 'samsung sdi', 'schaeffler', 'subaru', 'tata motors', 'toagosei', 'volkswagen']",[]
49_xiamen_tungsten_2010,geopolitical_policy,B,A,False,False,12,0,0,0,0,12,[],"['byd', 'calb', 'contemporary amperex technology', 'gotion high-tech', 'hunan corun new energy', 'murata manufacturing', 'panasonic', 'samsung sdi', 'sumitomo electric industries', 'sunwoda electronic', 'tdk', 'zhejiang founder motor']",[]
50_aneka_tambang_tbk_2020,geopolitical_policy,B,A,False,True,8,0,0,0,0,8,[],"['glencore', 'krakatau steel persero tbk pt', 'mitsui', 'perusahaan perseroan persero pt perusahaan listrik negara', 'posco', 'seah', 'seah besteel', 'waskita karya persero tbk pt']",[]
10_hesteel_2023,natural_disaster,B,A,False,True,10,0,0,0,0,10,[],"['aluminum corp of china', 'arcelormittal', 'bayerische motoren werke', 'beijing shougang', 'chongqing changan automobile', 'ford motor', 'great wall motor', 'mercedes-benz', 'posco', 'toyota motor']",[]
11_aurizon_2010,natural_disaster,B,B,True,True,5,11,3,2,2,3,"['bhp', 'rio tinto']","['bp', 'coronado global resources', 'glencore']","['arcelormittal', 'peabody energy', 'vale']"
24_bp_2010,industrial_accident,B,D,False,True,11,3,0,0,0,11,[],"['cpc corp/taiwan', 'formosa petrochemical', 'grupo pochteca sab de cv', 'guangdong delian', 'guangzhou development', 'indian oil', 'jordan petroleum refinery', 'lg chem', 'posco', 'ternium', 'volkswagen']",[]
25_petrochina_2005,industrial_accident,B,A,False,True,5,0,0,0,0,5,[],"['china petroleum & chemical', 'formosa plastics', 'guangzhou development', 'perusahaan perseroan persero pt perusahaan listrik negara', 'shanghai huayi']",[]
38_perusahaan_perseroan_persero_pt_perusahaan_listrik_negara_2019,energy,B,C,True,True,5,6,1,0,0,5,[],"['aneka tambang tbk', 'gunung raja paksi tbk pt', 'krakatau steel persero tbk pt', 'medco energi internasional tbk pt', 'waskita karya persero tbk pt']",['indosat tbk pt']
40_state_grid_corp_of_china_2021,energy,B,D,False,True,1,5,0,0,0,1,[],['hesteel'],['unimicron technology']
41_yunnan_aluminium_2022,energy,B,A,False,True,6,0,0,0,0,6,[],"['aluminum corp of china', 'bayerische motoren werke', 'contemporary amperex technology', 'nio', 'volvo car ab', 'yunnan chihong zinc&germanium']",[]
54_yunnan_chihong_zinc_germanium_2023,geopolitical_policy,B,D,False,True,0,1,0,0,0,0,[],[],[]
57_united_co_rusal_international_pjsc_2018,geopolitical_policy,B,D,False,True,2,5,0,0,0,2,[],"['gazprom pjsc', 'glencore']","['constellium se', 'rio tinto']"
59_coronado_global_resources_2020,geopolitical_policy,B,C,True,True,2,4,1,1,1,1,['aurizon'],['tata steel'],['peabody energy']
