max_tier,event_id,category,score_for_recall,score_for_precision,n_predicted_raw,n_affected_total,n_affected_reachable,tp,tp_reachable,fp
1,1_posco_2022,natural_disaster,False,True,63,1,0,0,0,63
1,2_nippon_steel_2011,natural_disaster,True,True,81,9,9,9,9,72
1,4_dow_2017,natural_disaster,True,True,9,9,3,1,1,8
1,17_basf_se_2016,industrial_accident,True,True,30,1,1,0,0,30
1,18_chevron_2012,industrial_accident,False,True,8,0,0,0,0,8
1,19_cpc_corp_taiwan_2014,industrial_accident,True,True,5,3,2,0,0,5
1,33_kyushu_electric_power_2018,energy,False,True,68,0,0,0,0,68
1,34_korea_electric_power_2011,energy,False,True,10,0,0,0,0,10
1,47_china_steel_2018,geopolitical_policy,True,True,29,2,2,2,2,27
1,48_glencore_2025,uncategorized,False,True,18,1,0,0,0,18
1,5_formosa_plastics_2021,natural_disaster,True,True,7,9,2,0,0,7
1,8_exxon_mobil_2005,natural_disaster,False,True,10,4,0,0,0,10
1,9_xinxiang_tianli_energy_2021,natural_disaster,False,True,3,5,0,0,0,3
1,20_formosa_petrochemical_2019,industrial_accident,False,False,14,1,1,1,1,13
1,21_mitsubishi_materials_2014,industrial_accident,True,True,6,1,1,0,0,6
1,23_s_oil_2022,industrial_accident,False,True,0,0,0,0,0,0
1,35_gazprom_pjsc_2022,geopolitical_policy,True,True,3,6,2,0,0,3
1,36_basf_se_2022,energy,False,False,30,0,0,0,0,30
1,49_xiamen_tungsten_2010,geopolitical_policy,False,False,12,0,0,0,0,12
1,50_aneka_tambang_tbk_2020,geopolitical_policy,False,True,8,0,0,0,0,8
1,10_hesteel_2023,natural_disaster,False,True,10,0,0,0,0,10
1,11_aurizon_2010,natural_disaster,True,True,5,11,3,2,2,3
1,24_bp_2010,industrial_accident,False,True,11,3,0,0,0,11
1,25_petrochina_2005,industrial_accident,False,True,5,0,0,0,0,5
1,38_perusahaan_perseroan_persero_pt_perusahaan_listrik_negara_2019,energy,True,True,5,6,1,0,0,5
1,40_state_grid_corp_of_china_2021,energy,False,True,1,5,0,0,0,1
1,41_yunnan_aluminium_2022,energy,False,True,6,0,0,0,0,6
1,54_yunnan_chihong_zinc_germanium_2023,geopolitical_policy,False,True,0,1,0,0,0,0
1,57_united_co_rusal_international_pjsc_2018,geopolitical_policy,False,True,2,5,0,0,0,2
1,59_coronado_global_resources_2020,geopolitical_policy,True,True,2,4,1,1,1,1
2,1_posco_2022,natural_disaster,False,True,241,1,0,0,0,241
2,2_nippon_steel_2011,natural_disaster,True,True,314,9,9,9,9,305
2,4_dow_2017,natural_disaster,True,True,79,9,3,3,3,76
2,17_basf_se_2016,industrial_accident,True,True,216,1,1,1,1,215
2,18_chevron_2012,industrial_accident,False,True,82,0,0,0,0,82
2,19_cpc_corp_taiwan_2014,industrial_accident,True,True,46,3,2,0,0,46
2,33_kyushu_electric_power_2018,energy,False,True,277,0,0,0,0,277
2,34_korea_electric_power_2011,energy,False,True,107,0,0,0,0,107
2,47_china_steel_2018,geopolitical_policy,True,True,214,2,2,2,2,212
2,48_glencore_2025,uncategorized,False,True,157,1,0,0,0,157
2,5_formosa_plastics_2021,natural_disaster,True,True,44,9,2,1,1,43
2,8_exxon_mobil_2005,natural_disaster,False,True,76,4,0,0,0,76
2,9_xinxiang_tianli_energy_2021,natural_disaster,False,True,25,5,0,0,0,25
2,20_formosa_petrochemical_2019,industrial_accident,False,False,98,1,1,1,1,97
2,21_mitsubishi_materials_2014,industrial_accident,True,True,156,1,1,0,0,156
2,23_s_oil_2022,industrial_accident,False,True,0,0,0,0,0,0
2,35_gazprom_pjsc_2022,geopolitical_policy,True,True,28,6,2,2,2,26
2,36_basf_se_2022,energy,False,False,216,0,0,0,0,216
2,49_xiamen_tungsten_2010,geopolitical_policy,False,False,105,0,0,0,0,105
2,50_aneka_tambang_tbk_2020,geopolitical_policy,False,True,100,0,0,0,0,100
2,10_hesteel_2023,natural_disaster,False,True,148,0,0,0,0,148
2,11_aurizon_2010,natural_disaster,True,True,47,11,3,3,3,44
2,24_bp_2010,industrial_accident,False,True,151,3,0,0,0,151
2,25_petrochina_2005,industrial_accident,False,True,37,0,0,0,0,37
2,38_perusahaan_perseroan_persero_pt_perusahaan_listrik_negara_2019,energy,True,True,17,6,1,0,0,17
2,40_state_grid_corp_of_china_2021,energy,False,True,12,5,0,0,0,12
2,41_yunnan_aluminium_2022,energy,False,True,54,0,0,0,0,54
2,54_yunnan_chihong_zinc_germanium_2023,geopolitical_policy,False,True,0,1,0,0,0,0
2,57_united_co_rusal_international_pjsc_2018,geopolitical_policy,False,True,24,5,0,0,0,24
2,59_coronado_global_resources_2020,geopolitical_policy,True,True,14,4,1,1,1,13
3,1_posco_2022,natural_disaster,False,True,395,1,0,0,0,395
3,2_nippon_steel_2011,natural_disaster,True,True,397,9,9,9,9,388
3,4_dow_2017,natural_disaster,True,True,330,9,3,3,3,327
3,17_basf_se_2016,industrial_accident,True,True,365,1,1,1,1,364
3,18_chevron_2012,industrial_accident,False,True,329,0,0,0,0,329
3,19_cpc_corp_taiwan_2014,industrial_accident,True,True,270,3,2,0,0,270
3,33_kyushu_electric_power_2018,energy,False,True,394,0,0,0,0,394
3,34_korea_electric_power_2011,energy,False,True,337,0,0,0,0,337
3,47_china_steel_2018,geopolitical_policy,True,True,388,2,2,2,2,386
3,48_glencore_2025,uncategorized,False,True,372,1,0,0,0,372
3,5_formosa_plastics_2021,natural_disaster,True,True,217,9,2,1,1,216
3,8_exxon_mobil_2005,natural_disaster,False,True,277,4,0,0,0,277
3,9_xinxiang_tianli_energy_2021,natural_disaster,False,True,123,5,0,1,0,122
3,20_formosa_petrochemical_2019,industrial_accident,False,False,353,1,1,1,1,352
3,21_mitsubishi_materials_2014,industrial_accident,True,True,338,1,1,0,0,338
3,23_s_oil_2022,industrial_accident,False,True,0,0,0,0,0,0
3,35_gazprom_pjsc_2022,geopolitical_policy,True,True,227,6,2,2,2,225
3,36_basf_se_2022,energy,False,False,365,0,0,0,0,365
3,49_xiamen_tungsten_2010,geopolitical_policy,False,False,309,0,0,0,0,309
3,50_aneka_tambang_tbk_2020,geopolitical_policy,False,True,352,0,0,0,0,352
3,10_hesteel_2023,natural_disaster,False,True,347,0,0,0,0,347
3,11_aurizon_2010,natural_disaster,True,True,322,11,3,3,3,319
3,24_bp_2010,industrial_accident,False,True,369,3,0,0,0,369
3,25_petrochina_2005,industrial_accident,False,True,213,0,0,0,0,213
3,38_perusahaan_perseroan_persero_pt_perusahaan_listrik_negara_2019,energy,True,True,179,6,1,0,0,179
3,40_state_grid_corp_of_china_2021,energy,False,True,155,5,0,0,0,155
3,41_yunnan_aluminium_2022,energy,False,True,216,0,0,0,0,216
3,54_yunnan_chihong_zinc_germanium_2023,geopolitical_policy,False,True,0,1,0,0,0,0
3,57_united_co_rusal_international_pjsc_2018,geopolitical_policy,False,True,176,5,0,1,0,175
3,59_coronado_global_resources_2020,geopolitical_policy,True,True,125,4,1,1,1,124
4,1_posco_2022,natural_disaster,False,True,401,1,0,0,0,401
4,2_nippon_steel_2011,natural_disaster,True,True,401,9,9,9,9,392
4,4_dow_2017,natural_disaster,True,True,398,9,3,3,3,395
4,17_basf_se_2016,industrial_accident,True,True,400,1,1,1,1,399
4,18_chevron_2012,industrial_accident,False,True,400,0,0,0,0,400
4,19_cpc_corp_taiwan_2014,industrial_accident,True,True,396,3,2,0,0,396
4,33_kyushu_electric_power_2018,energy,False,True,401,0,0,0,0,401
4,34_korea_electric_power_2011,energy,False,True,398,0,0,0,0,398
4,47_china_steel_2018,geopolitical_policy,True,True,400,2,2,2,2,398
4,48_glencore_2025,uncategorized,False,True,401,1,0,0,0,401
4,5_formosa_plastics_2021,natural_disaster,True,True,401,9,2,1,1,400
4,8_exxon_mobil_2005,natural_disaster,False,True,398,4,0,0,0,398
4,9_xinxiang_tianli_energy_2021,natural_disaster,False,True,322,5,0,2,0,320
4,20_formosa_petrochemical_2019,industrial_accident,False,False,401,1,1,1,1,400
4,21_mitsubishi_materials_2014,industrial_accident,True,True,399,1,1,0,0,399
4,23_s_oil_2022,industrial_accident,False,True,0,0,0,0,0,0
4,35_gazprom_pjsc_2022,geopolitical_policy,True,True,401,6,2,2,2,399
4,36_basf_se_2022,energy,False,False,400,0,0,0,0,400
4,49_xiamen_tungsten_2010,geopolitical_policy,False,False,399,0,0,0,0,399
4,50_aneka_tambang_tbk_2020,geopolitical_policy,False,True,401,0,0,0,0,401
4,10_hesteel_2023,natural_disaster,False,True,400,0,0,0,0,400
4,11_aurizon_2010,natural_disaster,True,True,401,11,3,3,3,398
4,24_bp_2010,industrial_accident,False,True,401,3,0,0,0,401
4,25_petrochina_2005,industrial_accident,False,True,400,0,0,0,0,400
4,38_perusahaan_perseroan_persero_pt_perusahaan_listrik_negara_2019,energy,True,True,397,6,1,0,0,397
4,40_state_grid_corp_of_china_2021,energy,False,True,352,5,0,0,0,352
4,41_yunnan_aluminium_2022,energy,False,True,374,0,0,0,0,374
4,54_yunnan_chihong_zinc_germanium_2023,geopolitical_policy,False,True,0,1,0,0,0,0
4,57_united_co_rusal_international_pjsc_2018,geopolitical_policy,False,True,380,5,0,1,0,379
4,59_coronado_global_resources_2020,geopolitical_policy,True,True,388,4,1,1,1,387
