company,city,country,component,location_source_url,component_source_url,confidence,notes
bayerische motoren werke,Munich,Germany,premium passenger vehicles & motorcycles,https://en.wikipedia.org/wiki/BMW,https://en.wikipedia.org/wiki/BMW,high,"HQ Petuelring 130, Munich. Brands BMW/MINI/Rolls-Royce + BMW Motorrad. Automaker, so product kept at vehicle level."
mercedes-benz,Stuttgart,Germany,premium passenger cars & vans,https://group.mercedes-benz.com/careers/about-us/locations/location-detail-page-5135.html,https://www.dnb.com/business-directory/company-profiles.mercedes-benz_group_ag.396e0be4f0412dfa7f5469881b24b47b.html,high,HQ Mercedesstrasse 120 Stuttgart. Mercedes-Benz Group AG (formerly Daimler).
toyota motor,Toyota City,Japan,passenger vehicles (incl. hybrids),https://global.toyota/en/company/profile/overview/index.html,https://global.toyota/en/company/profile/overview/index.html,high,"HQ Toyota City, Aichi. World's largest automaker; strong hybrid/FCEV line."
volkswagen,Wolfsburg,Germany,passenger & commercial vehicles,https://www.volkswagen-group.com/en/about-us-16013,https://www.volkswagen-group.com/en/about-us-16013,high,HQ Wolfsburg; world's largest single car plant on site.
tesla,Austin,United States,battery-electric vehicles,https://www.tesla.com/giga-texas,https://www.globaldata.com/company-profile/tesla-inc/,high,"HQ moved to Giga Texas, Austin in 2021. Also stationary battery storage/solar."
robert bosch,Gerlingen,Germany,automotive fuel-injection & electronic control systems,https://en.wikipedia.org/wiki/Bosch_(company),https://en.wikipedia.org/wiki/Bosch_(company),medium,"HQ Gerlingen. Highly diversified (Mobility, Industrial, Consumer, Energy). Component shown = flagship automotive line; world's largest auto-parts supplier."
byd,Shenzhen,China,battery-electric vehicles,https://en.wikipedia.org/wiki/BYD_Company,https://en.wikipedia.org/wiki/BYD_Company,high,"HQ Shenzhen. Also world #2 EV-battery maker (Blade LFP) via FinDreams; EVs are primary output."
magna international,Aurora,Canada,automotive body/chassis & seating systems,https://en.wikipedia.org/wiki/Magna_International,https://en.wikipedia.org/wiki/Magna_International,medium,"HQ Aurora, Ontario. Diversified mega-supplier; also contract vehicle assembly (Magna Steyr). Compressed to flagship lines."
zf friedrichshafen,Friedrichshafen,Germany,automotive transmissions & chassis systems,https://en.wikipedia.org/wiki/ZF_Friedrichshafen,https://en.wikipedia.org/wiki/ZF_Friedrichshafen,high,HQ Friedrichshafen. Best known specifically for automatic transmissions; absorbed TRW (safety systems).
hyundai mobis,Seoul,South Korea,automotive chassis & cockpit modules,https://en.wikipedia.org/wiki/Hyundai_Mobis,https://en.wikipedia.org/wiki/Hyundai_Mobis,high,"HQ Seoul (Gangnam). Parts/module arm of Hyundai/Kia/Genesis; also lamps, braking, electrification."
posco future m,Pohang,South Korea,battery cathode & anode materials,https://en.wikipedia.org/wiki/POSCO_Future_M,https://www.poscofuturem.com/en/business/energy.do,high,"HQ 110 Sinhang-ro, Nam-gu, Pohang. Formerly POSCO Chemical (renamed 2023). Only Korean maker of both cathode & anode; plants Gwangyang/Pohang."
hansol chemical,Seoul,South Korea,hydrogen peroxide & semiconductor process chemicals,https://stockanalysis.com/quote/krx/014680/company/,https://www.zoominfo.com/c/hansol-chemical-co-ltd/351708192,high,HQ Seoul; production plants Jeonju & Ulsan. Ex-Samsung Group affiliate. Also battery binders/display materials.
kumho petrochemical,Seoul,South Korea,styrene-butadiene synthetic rubber,https://en.wikipedia.org/wiki/Kumho_Petrochemical,https://en.wikipedia.org/wiki/Kumho_Petrochemical,high,"HQ Seoul; plants Yeosu/Ulsan. World's largest SBR/BR capacity; also synthetic resins."
murata manufacturing,Nagaokakyo,Japan,multilayer ceramic capacitors (MLCC),https://en.wikipedia.org/wiki/Murata_Manufacturing,https://en.wikipedia.org/wiki/Murata_Manufacturing,high,"HQ Nagaokakyo, Kyoto. World MLCC leader (~40% share); also inductors, RF, sensors."
asahi kasei,Tokyo,Japan,lithium-ion battery separators (Hipore),https://en.wikipedia.org/wiki/Asahi_Kasei,https://www.asahi-kasei.com/news/2025/e250731.html,medium,"HQ Chiyoda, Tokyo. Diversified conglomerate (chemicals, homes, healthcare); Hipore = world-leading Li-ion separator, the supply-chain-relevant slice."
tokai carbon,Tokyo,Japan,graphite electrodes & carbon black,https://en.wikipedia.org/wiki/Tokai_Carbon,https://www.tokaicarbon.co.jp/en/products/graphite/summary/,high,"HQ Minato, Tokyo. Graphite electrodes (steel EAFs) + carbon black (tire reinforcement) are the two core lines."
nichias,Tokyo,Japan,industrial thermal insulation & sealing gaskets,https://www.globaldata.com/company-profile/nichias-corp/,https://www.nichias.co.jp/en,high,"HQ Chuo, Tokyo. NAME COLLISION WATCH: distinct from Nichia Corp (LED/phosphor maker) - matched to NICHIAS (TYO:5393), the insulation/sealing firm."
sunwoda electronic,Shenzhen,China,lithium-ion battery cells & packs,https://en.wikipedia.org/wiki/Sunwoda,https://en.wikipedia.org/wiki/Sunwoda,high,HQ Shenzhen (SZSE:300207). Consumer 3C batteries + EV battery systems; a top Chinese EV-battery supplier.
zeon,Tokyo,Japan,specialty synthetic rubber (HNBR/polybutadiene),https://www.zeon.co.jp/en/,https://www.zeonchemicals.com/products/,high,"HQ Marunouchi, Chiyoda, Tokyo. Flagship Zetpol HNBR + polybutadiene/isoprene rubber; C4/C5 chemistry."
nan ya plastics,Taipei,Taiwan,PVC & polyester plastics (also copper-clad laminates),https://www.globaldata.com/company-profile/nan-ya-plastics-corp/locations/,https://www.globaldata.com/company-profile/nan-ya-plastics-corp/,medium,"HQ CITY AMBIGUOUS: registered offices in Taipei (Neihu/Dunhua N. Rd) but some sources say Kaohsiung; parent Formosa Plastics Group. Diversified - also world's largest copper-clad-laminate maker + ethylene glycol."
krakatau steel persero tbk pt,Cilegon,Indonesia,hot-rolled & cold-rolled steel coil,https://en.wikipedia.org/wiki/Krakatau_Steel,https://en.wikipedia.org/wiki/Krakatau_Steel,high,"HQ Cilegon, Banten. Largest Indonesian steelmaker (state-owned); HRC, CRC, wire rod, slab, pipe."
gunung raja paksi tbk pt,Cikarang,Indonesia,hot-rolled steel plate & sections,https://www.gunungrajapaksi.com/about,https://www.gunungrajapaksi.com/about,high,"HQ/plant Cikarang Barat, Bekasi, West Java (~2.2 Mt/yr). Private; part of Gunung Steel Group. HRC, plate, welded beams, ERW pipe."
waskita karya persero tbk pt,Jakarta,Indonesia,precast concrete & infrastructure construction,https://en.wikipedia.org/wiki/Waskita_Karya,https://en.wikipedia.org/wiki/Waskita_Karya,medium,"HQ Cawang, Jakarta. State-owned CONSTRUCTION firm, not a discrete parts maker - 'component' is precast concrete + toll-road/bridge construction & steel fabrication."
medco energi internasional tbk pt,Jakarta,Indonesia,crude oil & natural gas (upstream E&P),https://en.wikipedia.org/wiki/MedcoEnergi,https://en.wikipedia.org/wiki/MedcoEnergi,high,"HQ SCBD, South Jakarta. Indonesia's largest listed private oil & gas E&P; also power and copper/gold mining."
tenaris,Luxembourg City,Luxembourg,seamless & welded steel pipe (OCTG),https://www.sec.gov/Archives/edgar/data/0001190723/000155485525000262/ts-20241231.htm,https://www.sec.gov/Archives/edgar/data/0001190723/000155485525000262/ts-20241231.htm,medium,"HQ Luxembourg is legal/financial domicile (26 Bd Royal); no plant there. Production global; flagship seamless mill is Siderca in Campana, Argentina (Techint group). Consider Campana if graph wants a production site."
